table_name	row_count
procedures	12743
encounters	7160
patients	400
payers	10
organizations	1
first_encounter	last_encounter	years_covered	months_covered
2011-01-19 15:15:52	2022-12-25 22:18:07	11	143
gender	patient_count	percentage
M	209	52.3
F	191	47.8
age_group	patient_count	average_age
0-17	58	10.6
18-29	60	23.8
30-39	46	33.6
40-49	42	44.1
50-59	44	54.8
60-69	46	64.1
70-79	47	73.9
80+	57	86.6
city	state	patient_count
Quincy	Massachusetts	73
Springfield	Massachusetts	70
Lowell	Massachusetts	68
Boston	Massachusetts	68
Cambridge	Massachusetts	64
Worcester	Massachusetts	57
encounter_class	encounter_count	share_pct	average_claim_cost
ambulatory	3191	44.6	658.17
outpatient	1675	23.4	903.52
urgentcare	929	13.0	2193.60
wellness	713	10.0	364.13
emergency	442	6.2	6034.98
inpatient	210	2.9	20660.51
year	encounter_count	unique_patients	encounters_per_patient
2011	583	137	4.26
2012	1402	264	5.31
2013	1786	280	6.38
2014	1147	179	6.41
2015	701	113	6.20
2016	503	78	6.45
2017	380	56	6.79
2018	261	35	7.46
2019	161	26	6.19
2020	119	17	7.00
2021	78	13	6.00
2022	39	5	7.80
total_patients	total_encounters	total_procedures	average_patient_age	average_claim_cost	total_claim_amount	patients_with_death_date
400	7160	12743	48.0	1804.09	12917273.54	38
