year	unique_patients	total_encounters	encounters_per_patient
2011	137	583	4.26
2012	264	1402	5.31
2013	280	1786	6.38
2014	179	1147	6.41
2015	113	701	6.20
2016	78	503	6.45
2017	56	380	6.79
2018	35	261	7.46
2019	26	161	6.19
2020	17	119	7.00
2021	13	78	6.00
2022	5	39	7.80
patients_with_encounters	patients_with_multiple_encounters	multiple_encounter_share_pct
398	396	99.50
return_encounters_within_30_days	patients_with_return_within_30_days	average_gap_days
3877	389	14.3
encounter_class	encounter_count	average_hours	minimum_minutes	maximum_minutes
inpatient	207	84.33	722	21953
emergency	441	6.99	55	2642
urgentcare	922	3.55	15	1364
outpatient	1660	1.80	0	567
ambulatory	3162	1.19	0	385
wellness	707	0.92	15	256
duration_range	encounter_count	percentage
< 1 hour	2477	34.89
1-24 hours	4422	62.29
1-3 days	97	1.37
3-7 days	86	1.21
7-14 days	16	0.23
14-30 days	1	0.01
encounter_group	encounter_count	average_claim_cost	average_duration_hours
Ambulatory / outpatient	5529	693.79	1.34
Emergency / urgent care	1363	3437.89	4.66
Inpatient	207	20583.05	84.33
day_of_week	day_number	encounter_count	average_claim_cost
Sunday	1	1025	1795.58
Monday	2	1013	1630.66
Tuesday	3	1050	1728.77
Wednesday	4	1029	1874.96
Thursday	5	983	1949.73
Friday	6	1047	1842.01
Saturday	7	1013	1811.68
month_name	month_number	encounter_count	average_claim_cost
January	1	601	1769.54
February	2	571	1699.34
March	3	612	1979.47
April	4	614	1743.65
May	5	614	1825.18
June	6	619	1811.55
July	7	582	1583.39
August	8	605	2185.86
September	9	575	1722.59
October	10	576	1696.57
November	11	558	1553.38
December	12	633	2023.59
quarter_number	encounter_count	average_claim_cost
1	1784	1819.09
2	1847	1793.51
3	1762	1835.68
4	1767	1768.51
hour_band	encounter_count
00-03	1159
04-07	1215
08-11	1237
12-15	1177
16-19	1204
20-23	1168
payer_name	encounter_count	unique_patients	average_claim_cost	average_payer_coverage	weighted_coverage_rate_pct
Dual Eligible	993	114	1865.95	1670.13	89.51
NO_INSURANCE	911	103	1883.89	0.00	0.00
UnitedHealthcare	702	112	1822.53	1318.08	72.32
Cigna	690	111	1869.56	1299.17	69.49
Blue Cross Blue Shield	684	110	1735.90	1298.51	74.80
Anthem	684	117	1690.45	1201.62	71.08
Aetna	665	120	1525.97	1071.40	70.21
Humana	622	110	1808.30	1223.51	67.66
Medicare	600	110	1751.96	1366.11	77.98
Medicaid	574	128	2078.32	1735.41	83.50
NULL	35	31	1470.20	1089.90	74.13
total_encounters	average_base_cost	average_claim_cost	average_payer_coverage	weighted_coverage_rate_pct
7160	1050.34	1804.09	1189.62	65.94
encounter_class	encounter_count	average_base_cost	average_claim_cost	average_payer_coverage	average_uncovered_amount	weighted_coverage_rate_pct
inpatient	210	12127.69	20660.51	13969.58	6690.93	67.61
emergency	442	3499.07	6034.98	3762.92	2272.06	62.35
urgentcare	929	1277.39	2193.60	1445.25	748.35	65.88
outpatient	1675	521.94	903.52	608.33	295.19	67.33
ambulatory	3191	381.27	658.17	434.90	223.27	66.08
wellness	713	209.55	364.13	240.52	123.61	66.05
