procedure_description	procedure_count	average_base_cost	total_base_cost	unique_patients
Colonoscopy	1110	2069.32	2296943.62	305
Depression screening	1109	95.17	105546.53	309
Blood transfusion	1093	956.36	1045298.47	321
Electrocardiogram	1088	178.46	194160.37	304
Physical therapy	1087	260.79	283482.40	318
Appendectomy	1075	8729.53	9384242.42	301
Wound care	1060	339.22	359568.77	312
Suture laceration	1055	430.03	453683.78	306
Intravenous fluid	1047	208.44	218231.53	292
Chest X-ray	1018	321.64	327424.71	309
Influenza vaccination	1011	84.22	85148.14	293
Renal dialysis	990	1198.83	1186840.64	306
procedure_description	procedure_count	average_base_cost	maximum_base_cost	total_base_cost
Appendectomy	1075	8729.53	14151.46	9384242.42
Colonoscopy	1110	2069.32	3677.95	2296943.62
Renal dialysis	990	1198.83	2049.94	1186840.64
Blood transfusion	1093	956.36	1633.34	1045298.47
Suture laceration	1055	430.03	730.90	453683.78
Wound care	1060	339.22	586.41	359568.77
Chest X-ray	1018	321.64	596.64	327424.71
Physical therapy	1087	260.79	478.79	283482.40
Intravenous fluid	1047	208.44	357.67	218231.53
Electrocardiogram	1088	178.46	341.35	194160.37
Depression screening	1109	95.17	155.19	105546.53
Influenza vaccination	1011	84.22	138.74	85148.14
cost_range	procedure_count	percentage
< $100	1516	11.90
$100-$499	6693	52.52
$500-$999	1127	8.84
$1,000-$4,999	2361	18.53
$5,000-$9,999	777	6.10
$10,000+	269	2.11
patient_id	procedure_count	total_procedure_base_cost	average_procedure_base_cost
52e974df-1b26-4711-bd7d-a5c98cda93b0	170	238733.00	1404.31
8e3c62bf-bc9e-4acd-b60f-fe09c936d60a	161	204966.30	1273.08
24cb358a-01d7-422e-a768-b0aefaf7bb98	157	194384.18	1238.12
a9fe494e-304c-4b39-b6ab-eff0cd1d19da	155	166256.88	1072.63
55cc5c7c-28cc-42f8-9824-4984a65d60e4	150	180147.47	1200.98
3299c5a2-ba83-43e7-9e80-b24f491f0eed	146	224013.07	1534.34
3ab1534d-b981-4055-aefa-8e4e20985aac	144	184520.04	1281.39
14088f65-7284-473d-9cbe-74b1e878d8c0	137	231747.78	1691.59
3a03ce9e-1c91-4142-b88d-7439a9e02b64	130	175797.01	1352.28
1a8193be-2f5e-4ff6-97bf-1e81dfef2eb6	128	135390.34	1057.74
2d4ddcff-e996-4ed1-920f-a28b0d77eb92	127	133909.88	1054.41
b528bf5e-e21a-4503-b0b3-a9220817786c	126	155371.57	1233.11
d6c76311-776b-4f54-9359-388429b8c67e	121	176151.59	1455.80
fbac1ba5-5620-4c83-b234-276ad80c1718	116	107281.10	924.84
174f36f5-0902-4fcd-92eb-463e6b375658	115	135953.03	1182.20
procedure_range	patient_count
1	2
2-5	35
6-10	57
11-20	100
21+	204
quarter_number	procedure_count	unique_patients	average_base_cost	total_base_cost
1	3145	320	1242.57	3907890.03
2	3379	333	1216.10	4109215.92
3	3069	317	1298.14	3983992.45
4	3150	320	1250.63	3939472.98
year	procedure_count	unique_patients	average_base_cost	total_base_cost
2011	1048	135	1230.37	1289430.40
2012	2535	260	1213.17	3075378.72
2013	3086	276	1273.45	3929872.57
2014	2024	177	1217.95	2465129.35
2015	1270	110	1202.69	1527412.64
2016	896	78	1329.88	1191568.38
2017	684	54	1364.81	933531.78
2018	498	35	1114.84	555188.50
2019	297	25	1349.04	400665.16
2020	208	17	1398.58	290904.37
2021	129	12	1469.40	189552.02
2022	68	5	1352.02	91937.49
procedure_reason	procedure_count	unique_patients	average_base_cost	total_base_cost
Anemia	1652	342	1285.68	2123945.96
Fracture of forearm	1649	340	1237.94	2041361.55
Diabetes mellitus	1611	345	1416.57	2282099.34
Normal pregnancy	1570	332	1179.51	1851825.43
Chronic pain	1569	334	1149.87	1804140.97
Sinusitis	1566	340	1240.05	1941915.35
Acute bronchitis	1563	331	1224.98	1914643.09
Hypertension	1563	341	1267.20	1980639.69
procedure_description	procedure_count	total_base_cost	share_of_total_procedure_cost_pct
Appendectomy	1075	9384242.42	58.87
Colonoscopy	1110	2296943.62	14.41
Renal dialysis	990	1186840.64	7.45
Blood transfusion	1093	1045298.47	6.56
Suture laceration	1055	453683.78	2.85
Wound care	1060	359568.77	2.26
Chest X-ray	1018	327424.71	2.05
Physical therapy	1087	283482.40	1.78
Intravenous fluid	1047	218231.53	1.37
Electrocardiogram	1088	194160.37	1.22
Depression screening	1109	105546.53	0.66
Influenza vaccination	1011	85148.14	0.53
